<?xml version = "1.0" encoding = "UTF-8"?><!-- IBM Confidential OCO Source Materials --><!-- (C) COPYRIGHT IBM CORP. 2011-2023 --><!-- The source code for this program is not published or otherwise divested of its trade secrets, irrespective of what has been deposited with the U.S. Copyright Office. --> <OMObjects><OMObject Type='3'><Module><![CDATA[triContract]]></Module><BO><![CDATA[triRealEstateContract]]></BO><Name><![CDATA[cst-triRealEstateContract - Synchronous - DEMO]]></Name><ObjectLabelName><![CDATA[In Progress 0.0]]></ObjectLabelName><File><![CDATA[Workflow_triContract_triRealEstateContract_cst-triRealEstateContract-Synchronous-DEMO.xml]]></File></OMObject><OMObject Type='1011' IsIgnoreObjectLabelUpdate="1"><Module><![CDATA[triPlatformObjectLabelManager]]></Module><BO><![CDATA[triPlatformObjectLabelManager]]></BO><Name><![CDATA[\In Progress 0.0]]></Name><ObjectLabelName><![CDATA[]]></ObjectLabelName><File><![CDATA[ObjectLabel_cfb478ea4b3c19a2077f1d82f3fb196c5534c0db.xml]]></File></OMObject></OMObjects>