<?xml version="1.0" encoding="UTF-8"?>
<!-- IBM Confidential OCO Source Materials --><!-- (C) COPYRIGHT IBM CORP. 2011-2023 --><!-- The source code for this program is not published or otherwise divested of its trade secrets, irrespective of what has been deposited with the U.S. Copyright Office. --><BoRecords>     <BoRecord BoId="10032979" RecordId="-1" BoName="triPlatformObjectLabelManager" GUIId="10045296" GUIName="triPlatformObjectLabel" ModuleId="24728" ModuleName="triPlatformObjectLabelManager" CompanyId="208133" ParentName="" ActionName="" ObjState="Created" SourceId="127426674">
<BoSectionName NameValue="System Info">
                     <Review___Status>
                         
                     </Review___Status>
                     <Prior___State>
                         Created
                     </Prior___State>
                     <LocationId>
                         
                     </LocationId>
                     <OrganizationId>
                         
                     </OrganizationId>
                     <GeographyId>
                         
                     </GeographyId>
                     <CreatedBy>
                         221931
                     </CreatedBy>
                     <ModifiedBy>
                         
                     </ModifiedBy>
                     <CreatedTime>
                         1444411112852
                     </CreatedTime>
                     <ModifiedTime>
                         1565749207690
                     </ModifiedTime>
                     <Type>
                         10032979
                     </Type>
                     <Parent>
                         
                     </Parent>
         </BoSectionName>
<BoSectionName NameValue="General">
                     <GeographyName>
                         
                     </GeographyName>
                     <triObjectLabelMergedFrom>
                         
                     </triObjectLabelMergedFrom>
                     <triObjectLabelProcessMessageTX>
                         
                     </triObjectLabelProcessMessageTX>
                     <triObjectLabelOwnerTX>
                         In Progress
                     </triObjectLabelOwnerTX>
                     <triObjectLabelDateDT>
                         
                     </triObjectLabelDateDT>
                     <triObjectLabelByTX>
                         
                     </triObjectLabelByTX>
                     <triObjectLabelFromTX>
                         
                     </triObjectLabelFromTX>
                     <triObjectLabelDescriptionTX>
                         System label that is automatically applied to any object that is changed and published
                     </triObjectLabelDescriptionTX>
                     <triObjectLabelVersionTX>
                         0.0
                     </triObjectLabelVersionTX>
                     <LocationName>
                         
                     </LocationName>
                     <triObjectLabelDisplayTX>
                         In Progress-0.0
                     </triObjectLabelDisplayTX>
                     <OrgName>
                         
                     </OrgName>
         </BoSectionName>
<Associations><Association><Name><![CDATA[Selected]]></Name><TargetModule><![CDATA[triPlatformObjectLabelManager]]></TargetModule><TargetBo><![CDATA[triPlatformObjectLabelManager]]></TargetBo><TargetObjectName><![CDATA[\In Progress 0.0]]></TargetObjectName></Association><Association><Name><![CDATA[Selected]]></Name><TargetModule><![CDATA[triPlatformObjectLabelManager]]></TargetModule><TargetBo><![CDATA[triPlatformObjectLabelManager]]></TargetBo><TargetObjectName><![CDATA[\IBM-T 10.5.0]]></TargetObjectName></Association><Association><Name><![CDATA[sectionCustomAction]]></Name><TargetModule><![CDATA[triPlatformObjectLabelManager]]></TargetModule><TargetBo><![CDATA[triPlatformObjectLabelManager]]></TargetBo><TargetObjectName><![CDATA[\IBM-T 10.5.0]]></TargetObjectName></Association></Associations>     </BoRecord>
</BoRecords>
